CIK,Someldentifier,HTML Name
19617,000121390024076560,ea0213816-01_424b2.htm
19617,000121390024076528,ea0213820-01_424b2.htm
19617,000121390024076511,ea0213797-01_424b2.htm
19617,000121390024076508,ea0213796-01_424b2.htm
19617,000121390024076504,ea0213817-01_424b2.htm
19617,000121390024076496,ea0213828-01_424b2.htm
19617,000121390024076472,ea0213794-01_424b2.htm
19617,000121390024076468,ea0213781-01_424b2.htm
19617,000121390024076467,ea0213799-01_424b2.htm
19617,000121390024076463,ea0213791-01_424b2.htm
19617,000121390024076459,ea0213775-01_424b2.htm
19617,000121390024076458,ea0213776-01_424b2.htm
19617,000121390024076429,ea0213801-01_424b2.htm
19617,000121390024076425,ea0213783-01_424b2.htm
19617,000121390024076422,ea0213788-01_424b2.htm
19617,000121390024076421,ea0213782-01_424b2.htm
19617,000121390024076419,ea0213784-01_424b2.htm
19617,000121390024076418,ea0213798-01_424b2.htm
19617,000121390024076410,ea0213767-01_424b2.htm
19617,000121390024076408,ea0213770-01_424b2.htm
19617,000121390024076406,ea0213760-01_424b2.htm
19617,000121390024076404,ea0213804-01_424b3.htm
19617,000121390024076403,ea0213761-01_424b2.htm
19617,000121390024076398,ea0213805-01_424b3.htm
19617,000121390024076391,ea0213758-01_424b2.htm
19617,000121390024076375,ea0213762-01_424b2.htm
19617,000183988224028589,jpm_424b2-17228.htm
19617,000121390024076365,ea0213773-01_424b2.htm
19617,000121390024076361,ea0213731-01_424b2.htm
29915,000119312524212021,d876141d424b3.htm
29915,000119312524211880,d865427d424b3.htm
29915,000119312524207137,d889510d424b3.htm
29915,000119312524206919,d885052d424b3.htm
29915,000119312524202798,d884986d424b3.htm
29915,000119312524202686,d852968d424b3.htm
29915,000119312524198825,d883090d424b3.htm
29915,000119312524198659,d851777d424b3.htm
29915,000119312524194159,d878170d424b3.htm
29915,000119312524193709,d879476d424b3.htm
29915,000119312524187456,d869619d424b3.htm
29915,000119312524166820,d860386d424b3.htm
29915,000119312524162664,d853924d424b3.htm
29915,000119312524162530,d827464d424b3.htm
29915,000119312524158677,d811576d424b3.htm
29915,000119312524158187,d802401d424b3.htm
29915,000119312524152914,d849231d424b3.htm
29915,000119312524152725,d844017d424b3.htm
29915,000119312524148132,d844444d424b3.htm
29915,000119312524147841,d828042d424b3.htm
29915,000119312524142790,d836699d424b3.htm
29915,000119312524142695,d796392d424b3.htm
29915,000119312524137150,d826236d424b3.htm
29915,000119312524136919,d837489d424b3.htm
29915,000119312524131842,d645052d424b3.htm
29915,000119312524131693,d831258d424b3.htm
29915,000119312524121876,d773742d424b3.htm
29915,000119312524076426,d769707d424b3.htm
29915,000119312524070206,d797746d424b3.htm
29915,000119312524070069,d797863d424b3.htm
29915,000119312524064784,d763380d424b3.htm
29915,000119312524064619,d913761d424b3.htm
29915,000119312524057749,d791801d424b3.htm
29915,000119312524057690,d792492d424b3.htm
29915,000119312524046061,d769496d424b3.htm
29915,000119312524045962,d798011d424b3.htm
29915,000119312524039945,d766322d424b3.htm
29915,000119312524039878,d766335d424b3.htm
29915,000119312524031649,d786297d424b3.htm
29915,000119312524028367,d767462d424b2.htm
29915,000119312524025967,d767462d424b5.htm
29915,000119312523302789,d617752d424b3.htm
29915,000119312523297534,d784488d424b3.htm
29915,000119312523297520,d706819d424b3.htm
29915,000119312523292503,d828392d424b3.htm
38009,000110465924069993,tm2414305d8_424b3.htm
38009,000110465924067800,tm2414305d6_424b3.htm
38009,000110465924067798,tm2414305d7_424b2.htm
38009,000110465924065558,tm2414305d5_424b3.htm
38009,000110465924065557,tm2414305d4_424b2.htm
38009,000110465924063378,tm2414305d3_424b2.htm
38009,000110465924063343,tm2414305d2_424b3.htm
38009,000110465924061817,tm2412722-3_424b2.htm
38009,000110465924060940,tm2412722-2_424b3.htm
38009,000110465924060463,tm2414305d1_424b3.htm
38009,000110465924060400,tm2414298d1_424b2.htm
38009,000110465924038455,tm247900d6_424b2.htm
38009,000110465924035659,tm247900d4_424b2.htm
38009,000110465924035489,tm247900d5_424b3.htm
38009,000110465924032949,tm247900d3_424b3.htm
38009,000110465924032946,tm247900d2_424b2.htm
38009,000110465924031455,tm247393-3_424b2.htm
38009,000110465924030786,tm247393-1_424b3.htm
38009,000110465924030456,tm247900d1_424b3.htm
38009,000110465924030410,tm245933d6_424b2.htm
38009,000110465924027479,tm245933d5_424b3.htm
38009,000110465924027475,tm245933d4_424b2.htm
38009,000110465924025552,tm245933d2_424b2.htm
38009,000110465924025486,tm245933d3_424b3.htm
38009,000110465924014130,tm245933d1_424b3.htm
38009,000110465924012154,tm245648d1_424b2.htm
38009,000110465924011456,tm2332835-1_424b3.htm
38009,000110465924011450,tm2333860-1_424b3.htm
38009,000110465924011421,tm2333867-1_424b3.htm
38009,000110465924000873,tm2332839-3_424b2.htm
38009,000110465924000687,tm241772d1_424b2.htm
38009,000110465924000130,tm2332839-1_424b3.htm
38009,000110465923126809,tm2332135d4_424b2.htm
38009,000110465923125050,tm2332135d3_424b3.htm
38009,000110465923125047,tm2332135d2_424b2.htm
38009,000110465923123254,tm2332135d1_424b3.htm
38009,000110465923119881,tm2329422d6_424b2.htm
38009,000110465923119876,tm2331180d1_424b2.htm
29915,000119312523292417,d570966d424b3.htm
29915,000119312523288360,d465859d424b3.htm
29915,000119312523288144,d623563d424b3.htm
29915,000119312523283278,d562691d424b3.htm
29915,000119312523283145,d609719d424b3.htm
29915,000119312523280576,d569256d424b3.htm
29915,000119312523280431,d406745d424b3.htm
29915,000119312523275857,d312282d424b3.htm
29915,000119312523275692,d297570d424b3.htm
29915,000119312523271320,d570746d424b3.htm
29915,000119312523271209,d525639d424b3.htm
29915,000119312523265859,d575496d424b3.htm
29915,000119312523241292,d531175d424b3.htm
29915,000119312523236816,d537877d424b3.htm
29915,000119312523236777,d555338d424b3.htm
29915,000119312523232385,d512935d424b3.htm
38009,000110465924096945,tm2419909-6_424b2.htm
38009,000110465924096813,tm2422799d2_424b3.htm
38009,000110465924096338,tm2418665d10_424b2.htm
38009,000110465924096043,tm2419909-3_424b3.htm
38009,000110465924093259,tm2422799d1_424b2.htm
38009,000110465924092855,tm2418665d9_424b2.htm
38009,000110465924092827,tm2418665d8_424b3.htm
38009,000110465924090799,tm2418665d7_424b2.htm
38009,000110465924090782,tm2418665d6_424b3.htm
38009,000110465924088325,tm2418665d5_424b2.htm
38009,000110465924088321,tm2418665d4_424b3.htm
38009,000110465924085801,tm2418665d3_424b2.htm
38009,000110465924085772,tm2418665d2_424b3.htm
38009,000110465924083547,tm2418665d1_424b3.htm
38009,000110465924074379,tm2414305d12_424b2.htm
38009,000110465924072233,tm2414305d11_424b2.htm
38009,000110465924072219,tm2414305d10_424b3.htm
38009,000110465924069998,tm2414305-9_424b2.htm
72971,000183988224016427,r5213wfc_424b2-09971.htm
72971,000183988224016425,r5212wfc_424b2-09969.htm
72971,000183988224016286,r5198wfc_424b2-09881.htm
72971,000183988224016285,r5197wfc_424b2-09882.htm
72971,000183988224016284,r5196wfc_424b2-09879.htm
72971,000183988224016282,r5195wfc_424b2-09880.htm
72971,000183988224015849,r5200wfc_424b2-09571.htm
72971,000183988224015727,r5200wfc_424b2-09493.htm
72971,000183988224015520,r5198wfc_424b2-09357.htm
72971,000183988224015519,r5196wfc_424b2-09359.htm
72971,000183988224015518,r5197wfc_424b2-09356.htm
72971,000183988224015517,r5195wfc_424b2-09358.htm
72971,000183988224015473,r5169wfc_424b2-09320.htm
72971,000183988224015472,r5167wfc_424b2-09325.htm
72971,000183988224015469,r5166wfc_424b2-09324.htm
72971,000183988224015468,r5168wfc_424b2-09319.htm
72971,000183988224014774,r5167wfc_424b2-08883.htm
72971,000183988224014773,r5166wfc_424b2-08881.htm
72971,000183988224014762,r5168wfc_424b2-08880.htm
72971,000183988224014761,r5169wfc_424b2-08882.htm
72971,000183988224014711,i407wfc_424b2-08841.htm
72971,000183988224014472,r5113wfc_424b2-08704.htm
72971,000183988224014469,r5115wfc_424b2-08705.htm
72971,000183988224014467,i407wfc_424b2-08688.htm
72971,000183988224014465,r5114wfc_424b2-08701.htm
72971,000183988224014461,r5112wfc_424b2-08703.htm
72971,000183988224013163,r5114wfc_424b2-08023.htm
72971,000183988224013160,r5115wfc_424b2-08024.htm
72971,000183988224013159,r5112wfc_424b2-08025.htm
72971,000183988224013158,r5113wfc_424b2-08021.htm
72971,000183988224013078,r5088wfc_424b2-07970.htm
72971,000183988224013077,r5087wfc_424b2-07969.htm
72971,000183988224013076,r5086wfc_424b2-07968.htm
72971,000183988224013072,r5085wfc_424b2-07967.htm
200245,000191870424000337,form424b2.htm
200245,000191870424000336,form424b2.htm
200245,000191870424000334,form424b2.htm
200245,000095010324012860,dp217246_424b2-us2409875d.htm
38009,000110465923117213,tm2329422d5_424b3.htm
38009,000110465923117170,tm2329422d4_424b2.htm
38009,000110465923114838,tm2329422d2_424b3.htm
38009,000110465923114836,tm2329422d3_424b2.htm
38009,000110465923114262,tm2329249-2_424b2.htm
38009,000110465923113629,tm2329249-1_424b3.htm
38009,000110465923112634,tm2329422d1_424b3.htm
38009,000110465923098192,tm2325510d1_424b2.htm
38009,000110465923096043,tm2322458d10_424b3.htm
70858,000191870424000210,form424b2.htm
70858,000191870424000206,form424b2.htm
70858,000191870424000205,form424b2.htm
70858,000191870424000203,form424b2.htm
70858,000191870424000202,form424b2.htm
70858,000191870424000201,form424b2.htm
70858,000191870424000198,form424b2.htm
70858,000191870424000197,form424b2.htm
70858,000191870424000196,form424b2.htm
70858,000191870424000192,form424b2.htm
70858,000191870424000190,form424b2.htm
70858,000191870424000189,form424b2.htm
70858,000191870424000170,form424b2.htm
70858,000191870424000169,form424b2.htm
70858,000191870424000168,form424b2.htm
70858,000191870424000167,form424b2.htm
70858,000191870424000166,form424b2.htm
70858,000191870424000165,form424b2.htm
70858,000191870424000164,form424b2.htm
70858,000191870424000160,form424b2.htm
70858,000191870424000159,form424b2.htm
70858,000191870424000154,form424b2.htm
70858,000121390024073365,ea021268601_ex-filingfees.htm
70858,000191870424000153,form424b2.htm
70858,000191870424000152,form424b2.htm
70858,000191870424000150,form424b2.htm
70858,000191870424000149,form424b2.htm
70858,000191870424000146,form424b2.htm
70858,000191870424000145,form424b2.htm
70858,000191870424000143,form424b2.htm
70858,000191870424000142,form424b2.htm
70858,000191870424000141,form424b2.htm
70858,000191870424000138,form424b2.htm
70858,000191870424000137,form424b2.htm
70858,000191870424000136,exfilingfees.htm
70858,000191870424000135,form424b2.htm
70858,000191870424000134,form424b2.htm
70858,000191870424000133,form424b2.htm
70858,000191870424000132,form424b2.htm
70858,000191870424000131,form424b2.htm
70858,000191870424000130,form424b2.htm
70858,000191870424000129,form424b2.htm
70858,000191870424000127,form424b2.htm
70858,000191870424000125,form424b2.htm
70858,000191870424000124,form424b2.htm
72971,000183988224021773,r5394wfc_424b2-13018.htm
72971,000183988224021772,r5395wfc_424b2-13019.htm
72971,000183988224021766,r5392wfc_424b2-13015.htm
72971,000183988224021765,r5393wfc_424b2-13014.htm
72971,000183988224019279,r5286wfc_424b2-11547.htm
72971,000183988224019277,r5285wfc_424b2-11546.htm
72971,000183988224018616,r5272wfc_424b2-11151.htm
72971,000183988224018614,r5271wfc_424b2-11150.htm
72971,000183988224018269,r5286wfc_424b2-10951.htm
72971,000183988224018268,r5285wfc_424b2-10952.htm
72971,000183988224018252,r5214wfc_424b2-10947.htm
72971,000183988224018249,r5213wfc_424b2-10946.htm
72971,000183988224018248,r5212wfc_424b2-10945.htm
72971,000183988224016936,r5271wfc_424b2-10290.htm
72971,000183988224016933,r5272wfc_424b2-10293.htm
72971,000183988224016428,r5214wfc_424b2-09973.htm
312070,000148105724011786,form424b2.htm
312070,000148105724011785,form424b2.htm
312070,000148105724011783,form424b2.htm
312070,000148105724011782,form424b2.htm
312070,000148105724011775,form424b2.htm
312070,000148105724011772,form424b2.htm
312070,000148105724011766,form424b2.htm
312070,000095010324013252,dp217717_424b2-6353ubs.htm
312070,000095010324013248,dp217685_424b2-6344ms.htm
312070,000095010324013247,dp217710_424b2-6347wfpps.htm
312070,000095010324013244,dp217692_424b2-6348ms.htm
312070,000095010324013237,dp217660_424b2-6346ubs.htm
312070,000095010324013233,dp217672_424b2-6340gs.htm
312070,000148105724011750,form424b2.htm
312070,000148105724011743,form424b2.htm
312070,000148105724011742,form424b2.htm
312070,000095010324013229,dp217683_424b2-6345ms.htm
312070,000095010324013228,dp217680_424b2-6341barc.htm
312070,000148105724011741,form424b2.htm
312070,000148105724011740,form424b2.htm
312070,000148105724011737,form424b2.htm
312070,000148105724011736,form424b2.htm
312070,000148105724011735,form424b2.htm
312070,000148105724011734,form424b2.htm
312070,000148105724011733,form424b2.htm
312070,000095010324013224,dp217661_424b2-6342barc.htm
312070,000148105724011731,form424b2.htm
312070,000148105724011730,form424b2.htm
312070,000148105724011729,form424b2.htm
312070,000148105724011728,form424b2.htm
312070,000148105724011726,form424b2.htm
312070,000148105724011724,form424b2.htm
312070,000148105724011722,form424b2.htm
312070,000148105724011720,form424b2.htm
312070,000148105724011719,form424b2.htm
312070,000148105724011717,form424b2.htm
312070,000148105724011716,form424b2.htm
312070,000148105724011710,form424b2.htm
312070,000148105724011709,form424b2.htm
312070,000095010324013203,dp217651_424b2-6343ubs.htm
804269,000119312524213087,d880565d424b2.htm
804269,000119312524211591,d880565d424b5.htm
804269,000119312524161634,d813271d424b2.htm
804269,000119312524160333,d813271d424b5.htm
804269,000119312524084874,d808746d424b2.htm
804269,000119312524082776,d808746d424b5.htm
804269,000119312524025364,d772108d424b2.htm
804269,000119312524023531,d772108d424b5.htm
804269,000119312523289145,d545002d424b2.htm
804269,000119312523288038,d545002d424b5.htm
804269,000080426923000042,a424b3pricingsupplementdat.htm
804269,000119312523171249,d448543d424b2.htm
804269,000119312523169746,d448543d424b5.htm
804269,000080426923000033,a424b5additionalrightnotes.htm
804269,000080426923000031,amendmenttofinalpricingsup.htm
804269,000080426923000029,amendmenttofinalpricingsup.htm
804269,000080426923000027,amendmenttofinalpricingsup.htm
804269,000080426923000025,amendmenttofinalpricingsup.htm
804269,000119312523138546,d424432d424b5.htm
804269,000080426923000023,a424b3pricingsupplementdat.htm
804269,000119312523090986,d493870d424b2.htm
804269,000080426923000017,finalpricingsupplement0403.htm
804269,000119312523089035,d493870d424b5.htm
804269,000080426923000015,prelimpricingsupplement032.htm
804269,000080426923000013,a424b3pricingsupplementdat.htm
804269,000080426923000011,exhibit107-finalpricingsup.htm
804269,000080426923000009,prelimpricingsupplement021.htm
804269,000080426923000007,a424b3pricingsupplementdat.htm
804269,000119312523002382,d251562d424b2.htm
804269,000119312523001248,d251562d424b5.htm
831001,000148105724011799,form424b2.htm
831001,000148105724011798,form424b2.htm
831001,000148105724011797,form424b2.htm
831001,000095010324013304,dp217745_424b2-us2412077.htm
200245,000095010324012856,dp217247_424b2-us2409685d.htm
200245,000095010324012843,dp217292_424b2-us2409951d.htm
200245,000095010324012842,dp217326_424b2-us2409942d.htm
200245,000095010324012841,dp217332_424b2-us2409953.htm
200245,000095010324012840,dp217328_424b2-us2409935d.htm
200245,000095010324012837,dp217296_424b2-us2409947d.htm
200245,000095010324012833,dp217290_exfilingfees.htm
200245,000191870424000193,form424b2.htm
200245,000191870424000191,form424b2.htm
200245,000191870424000188,form424b2.htm
200245,000191870424000187,form424b2.htm
200245,000191870424000186,form424b2.htm
200245,000095010324012772,dp217263_424b2-us2409872d.htm
200245,000191870424000102,form424b2.htm
200245,000191870424000101,form424b2.htm
200245,000191870424000100,form424b2.htm
200245,000191870424000097,form424b2.htm
200245,000191870424000096,form424b2.htm
200245,000191870424000095,form424b2.htm
200245,000191870424000094,form424b2.htm
200245,000191870424000093,form424b2.htm
200245,000191870424000090,form424b2.htm
200245,000191870424000089,form424b2.htm
200245,000191870424000088,form424b2.htm
200245,000191870424000086,form424b2.htm
200245,000191870424000085,form424b2.htm
200245,000191870424000084,form424b2.htm
200245,000191870424000083,form424b2.htm
312070,000095010324013299,dp217730_424b2-6349barc.htm
312070,000148105724011796,form424b2.htm
312070,000148105724011792,form424b2.htm
312070,000148105724011787,form424b2.htm
312070,000095010324013297,dp217699_424b2-6339gs.htm
312070,000095010324013295,dp217753_424b2-6351barc.htm
831001,000148105724011795,form424b2.htm
831001,000148105724011793,form424b2.htm
831001,000148105724011789,form424b2.htm
831001,000095010324013290,dp217759_424b2-us2412102d.htm
831001,000148105724011784,form424b2.htm
831001,000095010324013288,dp217752_424b2-us2412084.htm
831001,000095010324013287,dp217740_424b2-us2411314.htm
831001,000095010324013284,dp217736_424b2-us2411354d.htm
831001,000095010324013283,dp217751_424b2-us2412096.htm
831001,000095010324013282,dp217747_424b2-us2412103.htm
831001,000148105724011780,form424b2.htm
831001,000095010324013281,dp217731_424b2-us2411304d.htm
831001,000095010324013280,dp217744_424b2-us2411297d.htm
831001,000095010324013279,dp217741_424b2-us2411319.htm
831001,000148105724011778,form424b2.htm
831001,000148105724011777,form424b2.htm
886982,000095017024101563,spxfvca1_prelim.htm
886982,000095017024101552,worsx294_prelim.htm
886982,000095017024101543,spxe1441_auto_prelim.htm
886982,000095017024101542,spxc0340_prelim.htm
886982,000095017024100385,amendment_no._1_to_spxco.htm
886982,000095017024086616,wogs0008_final.htm
895421,000183988224028628,ms3848_424b2-17258.htm
895421,000183988224028627,ms3832_424b2-17256.htm
895421,000095010324013310,dp217765_424b2-ps3581.htm
895421,000095010324013308,dp217768_424b2-ps3586.htm
895421,000095010324013307,dp217771_424b2-ps3841.htm
895421,000095010324013306,dp217763_424b2-ps3583.htm
895421,000095010324013305,dp217674_424b2-ps3793.htm
895421,000183988224028619,ms3838_424b2-17251.htm
895421,000095010324013303,dp217716_424b2-ps3750.htm
895421,000095010324013302,dp217764_424b2-ps3582.htm
895421,000183988224028618,ms3833_424b2-17248.htm
895421,000095010324013300,dp217770_424b2-ps3850.htm
895421,000183988224028616,ms3847_424b2-17249.htm
895421,000183988224028614,ms3837_424b2-17247.htm
895421,000183988224028611,ms3845_424b2-17244.htm
895421,000183988224028610,ms3834_424b2-17246.htm
895421,000183988224028606,ms3831_424b2-17245.htm
895421,000095010324013296,dp217766_424b2-ps3585.htm
895421,000095010324013293,dp217762_424b2-ps3584.htm
895421,000183988224028599,ms3839_424b2-17235.htm
895421,000095010324013289,dp217725_424b2-ps3601.htm
895421,000183988224028594,ms3849_424b2-17231.htm
895421,000183988224028590,ms3788_424b2-17214.htm
895421,000183988224028585,ms3587_424b2-17213.htm
927971,000121465924016198,d94248424b2.htm
927971,000121465924016195,y96244424b2.htm
927971,000121465924016197,ru96240424b2_eln3061.htm
927971,000121465924016196,j96242424b2.htm
927971,000121465924016194,o96241424b2.htm
927971,000121465924016177,o96246424b2.htm
927971,000121465924016175,o96243424b2.htm
927971,000121465924016176,v96242424b2.htm
927971,000121465924016103,y95244424b3.htm
927971,000121465924016102,z94242424b3.htm
927971,000121465924016101,z94245424b3.htm
927971,000121465924016094,e95241424b2.htm
927971,000121465924016092,y95242424b2.htm
927971,000121465924016091,g95240424b2.htm
927971,000121465924016090,j95240424b2.htm
927971,000121465924016068,g94246424b2.htm
927971,000121465924016052,r830240424b2.htm
927971,000121465924016053,g93242424b2.htm
927971,000121465924016039,j94247424b2.htm
927971,000121465924016048,d94246424b2.htm
927971,000119312524213224,d590370d424b2.htm
927971,000121465924016044,o94247424b2.htm
927971,000121465924016046,j94245424b2.htm
927971,000121465924016050,g94245424b2.htm
927971,000121465924016047,y94245424b2.htm
927971,000121465924016045,y94244424b2.htm
1045520,000110465924092258,tm2420617d46_ex-filingfees.htm
1045520,000110465924092025,tm2420617d47_424b2.htm
1045520,000110465924091862,tm2420617d45_424b2.htm
1045520,000110465924091858,tm2420617d44_424b2.htm
1045520,000110465924091619,tm2420617d42_424b2.htm
1045520,000110465924091501,tm2420617d43_ex-filingfees.htm
1045520,000110465924091208,tm2420617d35_424b2.htm
1045520,000110465924091100,tm2420617d41_424b2.htm
1045520,000110465924090942,tm2420617d40_424b2.htm
1045520,000110465924090879,tm2420617d39_424b2.htm
1114446,000183988224028632,ubs_424b2-17207.htm
1114446,000111444624004506,tc9288339f_1fwp.htm
1114446,000111444624004505,tc9288339i_0fwp.htm
1114446,000111444624004504,tc9288336f_1fwp.htm
1114446,000111444624004503,tc9288335f_1fwp.htm
1114446,000111444624004502,tc9288336i_0fwp.htm
1114446,000111444624004501,tc9288338f_1fwp.htm
1114446,000111444624004500,tc9288337f_1fwp.htm
1114446,000111444624004499,tc9288335i_0fwp.htm
1114446,000111444624004498,tc9288338i_0fwp.htm
1114446,000111444624004497,tc9288337i_0fwp.htm
1114446,000183988224028598,ubs_424b2-17098.htm
1114446,000183988224028595,ubs_424b2-17199.htm
1114446,000183988224028593,ubs_424b2-17212.htm
1114446,000183988224028586,ubs_424b2-17191.htm
1114446,000183988224028579,ubs_424b2-17190.htm
1114446,000183988224028576,ubs_424b2-17204.htm
1114446,000183988224028575,ubs_424b2-17195.htm
1114446,000183988224028566,ubs_424b2-17205.htm
1114446,000183988224028562,ubs_424b2-17189.htm
1114446,000183988224028553,ubs_424b2-17193.htm
1114446,000183988224028485,ubs_424b2-17097.htm
1114446,000111444624004496,tc9285091f_1fwp.htm
1114446,000111444624004495,tc9285091i_0fwp.htm
1114446,000111444624004494,tc9285090f_1fwp.htm
1114446,000111444624004493,tc9285089f_1fwp.htm
1114446,000111444624004492,tc9285088f_1fwp.htm
1114446,000111444624004491,tc9285090i_0fwp.htm
927971,000121465924016031,y94243424b2.htm
927971,000121465924016040,e94245424b2.htm
927971,000121465924016041,d94247424b2.htm
927971,000121465924016030,o94246424b2.htm
927971,000121465924016049,g94244424b2.htm
927971,000121465924016042,e9424424b2.htm
927971,000121465924016038,j94246424b2.htm
927971,000121465924016043,g94243424b2.htm
927971,000121465924016037,d94245424b2.htm
927971,000121465924016021,d94244424b2.htm
927971,000121465924016034,j94243424b2.htm
927971,000121465924016033,y94242424b2.htm
927971,000121465924016029,g94242424b2.htm
927971,000121465924016032,o94243424b2.htm
927971,000121465924016028,e94243424b2.htm
927971,000121465924016026,j94244424b2.htm
927971,000121465924016027,o94245424b2.htm
927971,000121465924016023,d94243424b2.htm
927971,000121465924016022,v94241424b2.htm
927971,000121465924016024,g94241424b2.htm
927971,000121465924016025,o94244424b2.htm
927971,000121465924016015,o8302414424b2.htm
927971,000121465924016014,r92240424b2.htm
927971,000121465924015917,b830247424b5.htm
927971,000121465924015904,v93242424b2.htm
947263,000114036124040449,ef20035582_424b2.htm
947263,000114036124040403,ef20035621_424b3.htm
947263,000114036124040395,ef20035575_424b2.htm
947263,000114036124040379,ef20035574_424b2.htm
947263,000114036124040375,ef20035438_424b3.htm
947263,000114036124040371,ef20035573_424b2.htm
947263,000114036124040363,ef20035580_424b2.htm
947263,000114036124040256,ef20035538_424b2.htm
947263,000114036124040254,ef20035505_424b2.htm
947263,000119312524214258,d861573d424b3.htm
947263,000114036124040250,ef20035550_424b2.htm
1000275,000095010324012920,dp217308_424b2-us1547spx.htm
1000275,000095010324012919,dp217395_424b2-wfceln261nflx.htm
1000275,000095010324012918,dp217397_424b2-us1517mul.htm
1000275,000095010324012917,dp217394_424b2-us1443mktd.htm
1000275,000095010324012916,dp217387_424b2-us1509spx.htm
1000275,000095010324012914,dp217321_424b2-ubseln1599bac.htm
1000275,000095010324012912,dp217205_424b2-mlzis.htm
1000275,000095010324012911,dp217283_424b2-ubseln1592spx.htm
1000275,000095010324012909,dp217333_424b2-us1544esca.htm
1000275,000095010324012908,dp217318_424b2-ubseln1597spx.htm
1000275,000095010324012892,dp217359_424b2-rates25.htm
1000275,000095010324012883,dp217334_424b2-us1546sbca.htm
1000275,000095010324012881,dp217335_424b2-us1545sbca.htm
1000275,000095010324012877,dp217324_424b2-us1541spx.htm
1000275,000095010324012875,dp217216_424b2-mlzim.htm
1045520,000110465924097747,tm2423152d10_424b2.htm
1045520,000110465924097656,tm2423152d9_424b2.htm
1045520,000121390024076212,ea0202736-08.htm
1045520,000110465924097245,tm2423152d11_424b2.htm
1045520,000110465924096893,tm2423152d6_424b2.htm
1045520,000110465924096880,tm2423152d5_424b2.htm
1045520,000110465924096805,tm2423152d7_424b2.htm
1045520,000110465924096793,tm2423152d1_424b2.htm
1045520,000110465924096790,tm2423152d4_424b2.htm
1045520,000121390024075350,ea0202736-06.htm
1045520,000110465924096675,tm2423152d8_424b2.htm
1045520,000110465924096231,tm2420617d88_424b2.htm
1045520,000110465924096212,tm2420617d87_424b2.htm
1045520,000110465924095846,tm2420617d89_424b2.htm
1045520,000110465924095841,tm2420617d90_424b2.htm
1045520,000110465924095382,tm2420617d82_424b2.htm
1045520,000110465924095304,tm2420617d78_424b2.htm
1045520,000110465924095298,tm2420617d83_424b2.htm
1045520,000110465924095288,tm2420617d81_424b2.htm
1045520,000110465924095029,tm2420617d79_424b2.htm
1045520,000110465924092283,tm2420617d49_424b2.htm
1000275,000095010324013294,dp217750_424b2-ubseln1603.htm
1000275,000095010324013292,dp217761_424b2-us1596schw.htm
1000275,000095010324013286,dp217754_424b2-citieln19aapl.htm
1000275,000095010324013285,dp217758_424b2-citieln18ba.htm
1000275,000095010324013277,dp217729_424b2-us1595mul.htm
1000275,000095010324013276,dp217700_424b2-us1519intc.htm
1000275,000095010324013274,dp217734_424b2-us1513nke.htm
1000275,000095010324013273,dp217733_424b2-us1532mul.htm
1000275,000095010324013272,dp217735_424b2-us1521intc.htm
1000275,000095010324013257,dp217694_424b2-us1511kkr.htm
1000275,000095010324013250,dp217712_424b2-us1593mul.htm
1000275,000095010324013242,dp217709_424b2-us1567mul.htm
1000275,000095010324013241,dp217707_424b2-us1565mul.htm
1000275,000095010324013236,dp217682_424b2-ubseln1602.htm
1000275,000095010324013230,dp217697_424b2-us1592mktd.htm
1000275,000095010324013221,dp217673_424b2-us1507nflx.htm
1000275,000095010324013216,dp217663_424b2-us1591mul.htm
1000275,000095010324013212,dp217669_424b2-us1505uber.htm
1000275,000095010324013210,dp217671_424b2-us1518mul.htm
1000275,000095010324013209,dp217675_424b2-us1590mul.htm
1000275,000095010324013201,dp217655_424b2-us1585mul.htm
1000275,000095010324013189,dp217486_424b2-spbeln788.htm
1000275,000095010324013179,dp217646_424b2-us1586mul.htm
1000275,000095010324013163,dp217617_424b2-rjeln151dlo.htm
1000275,000095010324013152,dp217643_424b2-us1589mul.htm
1000275,000095010324013150,dp217618_424b2-rjeln152dlo.htm
1000275,000095010324013143,dp217629_424b2-us1588nvda.htm
1000275,000095010324013131,dp217619_424b2-us1587mul.htm
1000275,000095010324013116,dp217530_424b2-us1439spx.htm
1000275,000095010324013108,dp217602_424b2-ubseln1600.htm
1000275,000095010324013106,dp217322_424b2-wfceln264.htm
1000275,000095010324013105,dp217603_424b2-ubseln1601.htm
1000275,000095010324013098,dp217599_424b2-jpmeln530sq.htm
1000275,000095010324013097,dp217550_424b2-us1581cc.htm
1000275,000095010324012928,dp217389_424b2-wfceln262bx.htm
1000275,000095010324012921,dp217287_424b2-jpmeln529bskt.htm
947263,000114036124040246,ef20035536_424b2.htm
947263,000114036124040239,ef20035502_424b2.htm
947263,000114036124040236,ef20035504_424b2.htm
947263,000114036124040219,ef20035506_424b2.htm
947263,000114036124040209,ef20035508_424b2.htm
947263,000114036124040196,ef20035285_424b3.htm
947263,000114036124040191,ef20035452_424b2.htm
947263,000114036124040190,ef20035541_424b3.htm
947263,000114036124040185,ef20035453_424b2.htm
947263,000114036124040089,ef20035483_424b2.htm
947263,000114036124040068,ef20035451_424b2.htm
947263,000114036124040054,ef20035450_424b2.htm
947263,000114036124040041,ef20035458_424b2.htm
947263,000114036124040024,ef20035463_424b2.htm
947263,000114036124040020,ef20035368_424b2.htm
947263,000114036124039972,ef20035351_424b2.htm
947263,000114036124039956,ef20035347_424b2.htm
947263,000114036124039949,ef20035339_424b2.htm
947263,000114036124039928,ef20035331_424b2.htm
947263,000114036124039924,ef20035345_424b2.htm
947263,000114036124039918,ef20035350_424b2.htm
947263,000114036124039912,ef20035337_424b2.htm
947263,000114036124039904,ef20035346_424b2.htm
947263,000114036124039896,ef20035375_424b2.htm
947263,000114036124039894,ef20035342_424b2.htm
947263,000114036124039891,ef20035340_424b2.htm
947263,000114036124039889,ef20035343_424b2.htm
947263,000114036124039862,ef20035294_424b2.htm
947263,000119312524211570,d861573d424b3.htm
947263,000114036124039805,ef20035239_424b2.htm
947263,000114036124039800,ef20035341_424b2.htm
947263,000114036124039729,ef20035288_424b2.htm
1000275,000095010324013314,dp217769_424b2-us1594mul.htm
1000275,000095010324013312,dp217772_424b2-us1597nflx.htm
1666268,000183988224027409,ms3704_424b2-16662.htm
1666268,000183988224027407,ms3625_424b2-16379.htm
1666268,000183988224027406,ms3670_424b2-16375.htm
1666268,000183988224027404,ms3635_424b2-16364.htm
1666268,000183988224027403,ms3716_424b2-16596.htm
1666268,000183988224027402,ms3736_424b2-16655.htm
1666268,000183988224027401,ms3708_424b2-16657.htm
1666268,000183988224027388,ms3709_424b2-16635.htm
1666268,000183988224027384,ms3729_424b2-16643.htm
1666268,000183988224027380,ms3706_424b2-16608.htm
1682472,000148105724011794,form424b2.htm
1682472,000148105724011788,form424b2.htm
1682472,000148105724011781,form424b2.htm
1682472,000148105724011779,form424b2.htm
1682472,000148105724011774,form424b2.htm
1682472,000148105724011765,form424b2.htm
1682472,000148105724011764,form424b2.htm
1682472,000148105724011762,form424b2.htm
1682472,000148105724011759,form424b2.htm
1682472,000148105724011757,form424b2.htm
1682472,000148105724011755,form424b2.htm
1682472,000148105724011753,form424b2.htm
1682472,000148105724011751,form424b2.htm
1682472,000148105724011738,form424b2.htm
1682472,000148105724011732,form424b2.htm
1682472,000148105724011725,form424b2.htm
1682472,000148105724011718,form424b2.htm
1682472,000148105724011712,form424b2.htm
1682472,000148105724011711,form424b2.htm
1682472,000148105724011708,form424b2.htm
1682472,000148105724011704,form424b2.htm
1682472,000148105724011703,form424b2.htm
1682472,000148105724011698,form424b2.htm
1682472,000148105724011696,form424b2.htm
1682472,000148105724011694,form424b2.htm
1682472,000148105724011701,form424b2.htm
1682472,000148105724011700,form424b2.htm
1682472,000148105724011686,form424b2.htm
1114446,000111444624004463,tc9281981f_1fwp.htm
1114446,000111444624004462,tc9281986i_0fwp.htm
1114446,000111444624004461,tc9281984f_1fwp.htm
1114446,000111444624004458,tc9281985f_1fwp.htm
1114446,000111444624004456,tc9281984i_0fwp.htm
1114446,000111444624004455,tc9281985i_0fwp.htm
1114446,000111444624004454,tc9281982i_0fwp.htm
1114446,000183988224028249,ubs_424b2-16876.htm
1419828,000095017024103637,gs-20240904.htm
1419828,000095017024103632,gs-20240904.htm
1419828,000095017024103624,gs-20240904.htm
1419828,000095017024103619,gs-20240904.htm
1419828,000095017024103603,gs-20240904.htm
1419828,000095017024103582,gs-20240904.htm
1419828,000095017024103579,gs-20240904.htm
1419828,000095017024103570,gs-20240904.htm
1419828,000095017024103543,gs-20240904.htm
1419828,000095017024103567,gs-20240904.htm
1419828,000095017024103565,gs-20240904.htm
1419828,000095017024103554,gs-20240904.htm
1419828,000095017024103552,gs-20240904.htm
1419828,000095017024103531,gs-20240904.htm
1419828,000095017024102362,gs-20240830.htm
1419828,000095017024102358,gs-20240830.htm
1419828,000095017024102335,gs-20240830.htm
1419828,000095017024103899,spxe1447_prelim.htm
1419828,000095017024103890,dgdig001_prelim.htm
1419828,000095017024103874,spxfe033_prelim.htm
1419828,000095017024103864,spxen024_prelim.htm
1419828,000095017024103858,nvdadi09_prelim.htm
1419828,000095017024103850,spxe1446_prelim.htm
1419828,000095017024103846,metacal1_prelim.htm
1419828,000095017024103844,xbica026_prelim.htm
1419828,000095017024103841,snowdi01_prelim.htm
1419828,000095017024103840,nvdadi08_prelim.htm
1665650,000121390024073226,ea0212653-01_424b2.htm
1665650,000121390024073200,ea0212652-01_424b2.htm
1665650,000121390024073189,ea0212655-01_424b2.htm
1665650,000121390024073185,ea0212661-01_424b2.htm
1665650,000183988224027132,jpm_424b2-16484.htm
1665650,000121390024073299,ea0212669-01_424b2.htm
1665650,000121390024073298,ea0212656-01_424b2.htm
1665650,000121390024073292,ea0212667-01_424b2.htm
1665650,000121390024073275,ea0212690-01_424b2.htm
1665650,000121390024073487,ea0212665-01_424b2.htm
1665650,000121390024073484,ea0212735-01_424b2.htm
1665650,000121390024073480,ea0212658-01_424b2.htm
1665650,000121390024073477,ea0212649-01_424b2.htm
1665650,000121390024073469,ea0212740-01_424b2.htm
1665650,000121390024073458,ea0212725-01_424b2.htm
1665650,000121390024072927,ea0212580-01_424b2.htm
1665650,000121390024072912,ea0212562-01_424b2.htm
1665650,000121390024072906,ea0212511-01_424b3.htm
1666268,000183988224027507,ms3714_424b2-16702.htm
1666268,000183988224027484,ms3734_424b2-16695.htm
1666268,000183988224027480,ms3732_424b2-16594.htm
1666268,000183988224027479,ms3713_424b2-16700.htm
1666268,000183988224027478,ms3641_424b2-16386.htm
1666268,000183988224027477,ms3643_424b2-16373.htm
1666268,000183988224027476,ms3654_424b2-16305.htm
1666268,000183988224027475,ms3653_424b2-16300.htm
1666268,000183988224027474,ms3722_424b2-16612.htm
1666268,000183988224027473,ms3663_424b2-16559.htm
1666268,000183988224027472,ms3652_424b2-16492.htm
1666268,000183988224027471,ms3667_424b2-16473.htm
1666268,000183988224027469,ms3637_424b2-16456.htm
1666268,000183988224027467,ms3627_424b2-16403.htm
1666268,000183988224027466,ms3668_424b2-16392.htm
1666268,000095010324012826,dp217314_424b2-ps3710spx.htm
1666268,000183988224027417,ms3733_424b2-16669.htm
1666268,000183988224027415,ms3712_424b2-16666.htm
1666268,000183988224027411,ms3707_424b2-16660.htm
1114446,000111444624004490,tc9285088i_0fwp.htm
1114446,000111444624004489,tc9285089i_0fwp.htm
1114446,000183988224028457,ubs_424b2-17156.htm
1114446,000183988224028456,ubs_424b2-17155.htm
1114446,000183988224028454,ubs_424b2-17162.htm
1114446,000183988224028433,ubs_424b2-16948.htm
1114446,000183988224028410,ubs_424b2-17096.htm
1114446,000183988224028400,ubs_424b2-17092.htm
1114446,000183988224028390,ubs_424b2-17094.htm
1114446,000183988224028389,ubs_424b2-17084.htm
1114446,000183988224028373,ubs_424b2-17095.htm
1114446,000183988224028363,ubs_424b2-17101.htm
1114446,000111444624004484,tc9281981i_0fwp.htm
1114446,000183988224028356,ubs_424b2-17090.htm
1114446,000183988224028348,ubs_424b2-17100.htm
1114446,000183988224028342,ubs_424b2-17099.htm
1114446,000183988224028312,ubs_424b2-16673.htm
1114446,000111444624004475,tc9281991f_1fwp.htm
1114446,000111444624004469,tc9281989f_1fwp.htm
1114446,000111444624004467,tc9281989i_0fwp.htm
1114446,000183988224028257,ubs_424b2-17047.htm
1114446,000111444624004477,tc9281992f_1fwp.htm
1114446,000111444624004459,tc9281983i_0fwp.htm
1114446,000111444624004457,tc9281982f_1fwp.htm
1114446,000111444624004476,tc9281992i_0fwp.htm
1114446,000111444624004472,tc9281990i_0fwp.htm
1114446,000111444624004474,tc9281991i_0fwp.htm
1114446,000111444624004473,tc9281990f_1fwp.htm
1114446,000111444624004471,tc9281988f_1fwp.htm
1114446,000111444624004470,tc9281988i_0fwp.htm
1114446,000111444624004468,tc9281987f_1fwp.htm
1114446,000111444624004466,tc9281986f_1fwp.htm
1114446,000111444624004465,tc9281987i_0fwp.htm
1114446,000111444624004464,tc9281983f_1fwp.htm
1682472,000148105724011693,form424b2.htm
1682472,000148105724011692,form424b2.htm
1682472,000148105724011690,form424b2.htm
1682472,000148105724011688,form424b2.htm
1682472,000148105724011685,form424b2.htm
1682472,000148105724011684,form424b2.htm
1682472,000148105724011683,form424b2.htm
1682472,000148105724011682,form424b2.htm
1682472,000148105724011673,form424b2.htm
1682472,000148105724011670,form424b2.htm
